Workbook
Name ActualBurnDown: #REF!
Name ActualBurnDown: #REF!
Name ad: #REF!
Name BusinessValue: #REF!
Name Calc_sens2: [1]!Calc_sens2
Name Calc_sens2: [1]!Calc_sens2
Name Calc_sens2: [1]!Calc_sens2
Name Category: #REF!
Name cause: #REF!
Name cause: #REF!
Name cause: #REF!
Name cause: #REF!
Name cause: #REF!
Name Clear_sens2: [1]!Clear_sens2
Name Clear_sens2: [1]!Clear_sens2
Name Clear_sens2: [1]!Clear_sens2
Name Comments: #REF!
Name Comments: #REF!
Name Comments: #REF!
Name Comments: #REF!
Name Comments: #REF!
Name Creator: #REF!
Name CRPriority: [2]Data!$B$2:$B$4
Name CRStatus: [2]Data!$A$2:$A$8
Name Iteration: #REF!
Name Ltst_TestLog: "'Test log'"
Name Priority: #REF!
Name Quality_Records: #REF!
Name Resolution: [3]QTDSCMP_Data!#REF!
Name Resolution: [3]QTDSCMP_Data!#REF!
Name Resolution: [3]QTDSCMP_Data!#REF!
Name Risk: #REF!
Name SCIReference: [3]QTDSCMP_Data!#REF!
Name SCIReference: [3]QTDSCMP_Data!#REF!
Name SCIReference: [3]QTDSCMP_Data!#REF!
Name SCIStatus: [3]QTDSCMP_Data!#REF!
Name SCIStatus: [3]QTDSCMP_Data!#REF!
Name SCIStatus: [3]QTDSCMP_Data!#REF!
Name SCITools: [3]QTDSCMP_Data!#REF!
Name SCITools: [3]QTDSCMP_Data!#REF!
Name SCITools: [3]QTDSCMP_Data!#REF!
Name SCM_Access: [4]User_Groups_Access!#REF!
Name SCM_Access: [4]User_Groups_Access!#REF!
Name SCM_Access: [4]User_Groups_Access!#REF!
Name ScrumMaster: #REF!
Name ScrumMaster: #REF!
Name Severity: #REF!
Name Severity: #REF!
Name Severity: #REF!
Name Severity: #REF!
Name Severity: #REF!
Name Software_Configuration_Management_Team: '[4]SCM_Team&ReleaseNumberingScheme'!#REF!
Name Software_Configuration_Management_Team: '[4]SCM_Team&ReleaseNumberingScheme'!#REF!
Name Software_Configuration_Management_Team: '[4]SCM_Team&ReleaseNumberingScheme'!#REF!
Name State_of_Origin: #REF!
Name State_of_Origin: #REF!
Name State_of_Origin: #REF!
Name State_of_Origin: #REF!
Name State_of_Origin: #REF!
Name Status: #REF!

Sheet Cover Page
B6: Remedy Acknowledgement
B10: Product Backlog
B13: 1
D25: Prepared By / Last Updated By | E25: Reviewed By | F25: Approved By
C26: Name | D26: Aakash Saini Alisha Kumar | E26: Chiranjeev Singh Dixit Kamal Aayushi Panwar | F26: Vinay
C27: Role | D27: Product Owner
C28: Signature
C29: Date
B31: Project ID: <Project ID> | F31: <SCI.ID> / Ver: <No.>
B34: Release Id : QTAD-BREQ / 1.4.0 / 13-Jul-2016 | F34: C3: Protected

Sheet Instructions
B1: Product Backlog - Instructions Remedy Acknowledgement Release Id : QTAD-BREQ / 1.4.0 / 13-Jul-2016 C3: Protected Project ID : <Project ID> | <SCI.ID. > / Ver: <Ver No.>
C4: Product Backlog Worksheet
C5: This sheet has to be filled while doing "Create Product Backlog" task in the Initial Envisioning Phase.
C6: Fill the following fields in the product backlog worksheet for each feature set
C7: Sl.No | D7: <Provide the Serial number for each product backlog item>
C8: Feature Set/ Requirements ID | D8: <Provide unique ID for each feature set/ requirement>
C9: Short Description of Feature Set/ Feature | D9: < Provide a short description of the Feature set/ Feature>. A “Feature” is a small client valued functionality. A Feature set is a grouping of business-related features.
C10: Dependency of Feature Set/ Feature | D10: <Provide the Dependency between the feature sets/ features>
C11: Feature Owner | D11: <Name the person(s) responsible for providing detailed information / clarifications on the Feature Set/ Requirements>.
C12: Feature Complexity | D12: <Classify the complexity of Feature Set/ Feature in terms of Trivial, Simple, Average, Complex>
C13: Business Priority | D13: <Provide the business priority of the Feature Set/ Feature in terms of Low, Medium, High>
C14: Feature Type | D14: <Classify the Feature Set/ Feature as New Requirement, Enhancement, Bug, Issue>
C15: Remarks | D15: <Provide the remarks/ comments for the feature set/ Feature`>. E.g. Describe the assumptions made on the feature sets, its constraints, etc
C18: Product Backlog Release Tracking Worksheet
C19: The Product backlog worksheet contains a list of everything (Features, known issues, bugs etc) that the business would want to implement in an application. This worksheet would continue to exist from the beginning to the end of the project. The Product Owner maintains it by adding, modifying, removing any of the items listed there. They can also change the priority of the items so long as they are not being worked by the team in the ongoing Sprint. Most of the re-ordering would happen just before the Sprint Planning meeting. To ensure this kind of continuous update, this worksheet could be re-visited during periodic intervals once during the release elaboration Phase and thereafter during the project execution. The changes to the Product backlog could be triggered from several sources in terms of inclusion of new features / bugs/ known issues based on the stakeholder requests and the effort, schedule for the same would also be re-visited in the product backlog worksheet.
C20: Release Iteration # | D20: <Provide the release iteration number>
C21: Release Start Date | D21: <Provide the estimated start date of each Release>
C22: Release End Date | D22: <Provide the estimated end date of each Release>
C23: Estimated Effort for Release (person days) | D23: <Provide the estimated effort in person days for each Release>
C24: Team Size For Release | D24: <List the number of team members required for the release>
C25: Estimated Velocity For Release (FCP/Features) | D25: <Provide the estimated velocity by specifying the feature complexity points/no of features that can be delivered at the end of a release.>
C26: Feature Set ID | D26: <From the Product Backlog worksheet, list the Feature Set IDs that are scoped in the corresponding release Iteration #>
C27: Feature ID | D27: <Provide unique ID for each feature /requirement>
C28: Feature Name | D28: <Name the features that are identified and scoped in the corresponding release Iteration #>
C29: Dependency of Feature | D29: <Provide the Dependency between features>
C30: Original Scope | D30: <Assign a symbol “X” if a feature is identified as part of the product backlog prior to the commencement of a release> This field would not be updated for new feature additions that are identified during the release execution (i.e. after baselining the product backlog). In such a scenario, this field would be blank thereby indicating that this feature has been newly added for a release. Additionally this field would be considered for calculating the burn down (person days completed) for original set of features. This field would aid in differentiating the originally scoped features Vs the newly scoped features for plotting the release burn down chart.
C31: Planned Sprint Iteration # | D31: Once the features are assigned to a release, the next logical step would be to map these features to multiple sprint iterations. To enable this mapping, the user needs to update this field 'Planned Sprint Iteration #' for the set of features that would be logically grouped within this sprint iteration. Note: However the allocation of features to sprint iteration might change as per the stakeholder priorities, technical constraints, etc while doing the sprint planning activity during the sprint zero/ execution phase
... C34: Feature Status | D34: Once the feature is identified and taken forward for implementation, the feature could be represented through several statuses thereby indicating the current status of implementation. <Refer below for details on different feature status> Proposed – A feature is identified, but not yet scoped for a release/ sprint iteration. Assigned – The identified features are allocated to a release/ sprint iteration Start - The assigned feature is initiated for implementation Complete – A feature is said to be complete when it has been developed, tested, and delivered to the customer Re-Assigned – A feature could be re-assigned to a subsequent sprint or release iteration in case of backlogs from earlier sprints. Hold - The feature might be put on hold due to certain constraints/ stakeholder's request, etc Cancelled - A feature is cancelled or removed from scope of the release/ sprint Note: The above feature status field would be considered for computing the following scenarios:- a) To calculate the completed work (in person days) for originally scoped feature b) To calculate the remaining hours (in person days) available for completing newly scoped feature. c) To calculate the completed work (in person days) for newly scoped feature
C35: Calculated Fields
C36: Original Features - Completed (person days) | D36: This value is non editable. This field would aid in calculating the burn down for original set of scoped features. If the feature is mapped as 'X' (originally scoped for a release) and the feature status is marked as "complete", the revised effort depicted in column 'N' for that feature is auto populated in this field.
C37: New Features - Not Completed (person days) | D37: This value is non editable. This field would aid in calculating the effort required to complete the remaining work for the newly scoped features. If the original scope column is 'blank' for a feature and the status for same is not marked as "complete", the revised effort depicted in column 'N' for that feature is auto populated in this field.
C38: New Features - Completed (person days) | D38: This value is non editable. This field would aid in calculating the burn down for the newly scoped features that are delivered to the customer. If the original scope column is 'blank' for a feature and the status for same is marked as "complete", the revised effort depicted in column 'N' for that feature is auto populated in this field.
C40: Report Data Worksheet
C41: The Report Data worksheet would form an input for plotting the release burn down chart and the "Effort By Iteration" chart. The Report Data worksheet would automatically populate the following data from "Product - Release Tracking" worksheet for each release iteration. 'Assigned' - This value indicates the amount of work(in person days) planned for each release iteration 'Work Remaining' - This field would indicate the remaining person days available to complete the release Iteration. The original as well as the new features are considered for computing this value. 'Original Features -Completed ( person days)' - This value would be computed as the cumulative sum of all the completed effort (in person days) as displayed in the "Burn-down (Original Features Completed)' field from the "Product - Release Tracking" worksheet. 'New Features - Not Completed (person days)' - This value would be computed as the cumulative sum of all the remaining effort in person days as displayed in the 'New Features (Not Completed)' field from the "Product - Release Tracking" worksheet. 'New Features - Completed (person days)' - This value would be computed as the cumulative sum of all the completed effort (in person days) as displayed in the "New Features (Completed)' field from the "Product - Release Tracking" worksheet. In this Report Data worksheet, the sample data for three release iterations are depicted. If a user needs to update a new release iteration number, the following needs to be done:- a) The user needs to include a new release iteration number in the column 'Release iteration #' as part of the "Product - Release Tracking" worksheet b) The second step would be to insert new rows (depending on the number of release iterations) at the end of the third release iteration row c) The third step would be to extend the formula embedded as part of "report data" worksheet to the subsequent newly inserted rows d) The fourth step would be to extend the source data range for the "Release Burn Down Chart" & "Effort By Iteration Chart" to depict the newly added release iterations. Note: There could the scenarios when new features are being identified, but are not being assigned to any release iterations in the product backlog. In such cases, the effort estimation for those features would be auto populated from "Product - Release Tracking" worksheet under the category "Not Assigned" to the Report Data worksheet. This would aid in identifying the unassigned features and enable the team to assign such features for subsequent releases.
C44: Release Burn Down Chart
C45: 1. A typical release Burn Down chart would enable the Product Owner to assess as to how each iteration is progressing towards realizing the release goal. They would be able to assess the number of features that are going to make it (or) not make it to the release based on the number of features delivered by the team in each iteration. 2. Based on the progress being made by the team, the Product Owner may decide to add more Sprints within a release (if it is a feature driven release) or cut down some of the features from the Release backlog (if it is a Date driven release). The release burn down chart would be automatically plotted based on the data depicted in the "Report Data" worksheet. The release burn down graph highlights the progress of work being made across releases. The labels that are used to indicate the progress of work are elaborated below:- 'Work Remaining' - This label is represented by red color. It indicates the remaining person days available to complete the release Iteration. The original as well as the new features are considered for computing this value. 'Original Features -Completed ( person days)' - This label is represented by green color. It represents the cumulative sum of all the completed effort (in person days). 'New Features - Not Completed (person days)' - This label is represented by purple color. It indicates the cumulative sum of all the remaining effort in person days for the newly scoped features. 'New Features -Completed (person days)' - This label is represented by blue color. It indicates the cumulative sum of all the completed effort (in person days) for the newly scoped features. Interpretation of the Graph:- X axis : Release Iteration Number Y axis : Estimated Effort in Person Days for all the four labels
C46: Effort By Iteration Chart
C47: The "Effort By Iteration" pie chart depicts the percentage of effort (in person days) that is being consumed across various release iterations Vs the total project effort. This would aid the project team to assess the average effort expended across releases and predict the future release velocity based on the historical data. Additionally this chart also highlights the percentage of features that are not yet assigned to any release. Based on the current release velocity, the team could use this data to assign pending features in the current / or subsequent release iterations. Note: The source data for this chart has to be manually extended/ adjusted depending on the number of release iterations that are included in the "Report Data" worksheet.
C50: Weighted Shortest Job First Technique (WSJF)
C51: WSJF - Prioritizing features based on economics of development. Jobs that can deliver most value (CoD) and are shortest duration are selected first for implementation WSJF (Weighted Shortest Job First) = CoD/Duration CoD - opportunity cost to delay implementation of some functionality CoD is again made of 3 components namely User value , Time Value and Risk Reduction or Opportunity Enablement User value - Is simply the potential value of the feature in the eyes of the user Time value - is another relative estimate; one based on how the user value decays over time Risk Reduction or Opportunity Enablement -The risk reduction or unlocked potential of business opportunities that may be lost or gained based on delaying the release of functionality. Duration can be in hours/days/size For CoD and Duration, Fibonacci series (relative rating can be used)

Sheet Product Backlog
B1: Product Backlog - Product Backlog Remedy Acknowledgement Release Id : QTAD-BREQ / 1.4.0 / 13-Jul-2016 C3: Protected Project ID : <Project ID> | <SCI.ID. > / Ver: <Ver No.>
A2: Sl.No | B2: Feature Set / Requirements ID | C2: Short Description of Feature Set/ Feature | D2: Dependency of Feature Set/ Feature | E2: Feature Owner | F2: Feature Complexity | G2: Business Priority | H2: Feature Type | I2: Remarks
A3: 1 | B3: FS1/Req 1.1 -Req 1.3 | C3: The Objective of this requirement is to procure the details of the email from mailbox | D3: User should be able to access the mail box and When the user clicks on the email,he should be able to read the email and Check ticket creation details | E3: Scrum Master | F3: Average | G3: High | H3: New Requirement
A4: 2 | B4: FS2/Req 2.1-2.4 | C4: The Objective of this requirement is to connect to Remedy through Web Services | D4: If the ticket creation details are present ,then user has to connect to Remedy.Remedy has to be connected through Web services. Upon the requirement of the ticket the Remedy has to modified. | E4: Scrum Master | F4: Average | G4: Medium | H4: New Requirement
A5: 3 | B5: FS3/Req 3.1 - Req 3.5 | C5: The Objective of this requirement is to assign the resource (based on the application) | D5: The resouces have to be assigned to the remedy | E5: Scrum Master | F5: Average | G5: High | H5: New Requirement
A6: 3 | B6: Feature Set 3 | D6: On successful modidfication of the remedy, a message has to be shown “Successfully modified” | I6: A) AMLU Status Doc (Actions what and how, Status, SLAs) taken care by same framework as "Corp Security / FDRA Status Doc, Actions, Status, SLA" B) Assuming "Analyst Actions for Alert to QC" is same as item "Alert QC Functionality (AMLU )" C) This has a dependency on item A) available as part of backlog item "Corp Security / FDRA Status Doc, Actions, Status, SLA" , i.e., configuration of population of actions based on status and roles .
A7: 4 | B7: FS4/Req 4.1-4.4 | C7: The Objective of this requirement is to give acknowledgement and details in notes section | D7: Dependency on FS1,FS2Post-successful field level validation, save the information Upon saving the information in the database, display the message ‘Your resources are assigned successfully’. | E7: Scrum Master | F7: Average | G7: Medium | H7: New Requirement

Sheet Product - Release Tracking
B1: Product Backlog - Product - Release Tracking Remedy Acknowledgement Release Id : QTAD-BREQ / 1.4.0 / 13-Jul-2016 C3: Protected Project ID : <Project ID> | <SCI.ID. > / Ver: <Ver No.>
A2: Release Iteration # | B2: Release Start Date | C2: Release End Date | D2: Estimated Effort for Release (person days) | E2: Team Size For Release | F2: Estimated Velocity For Release (FCP/Features) | G2: Feature Set ID | H2: Feature ID | I2: Feature Name | J2: Dependency of Feature | K2: Original Scope | L2: Planned Sprint Iteration # | M2: Initial Estimate For Feature (person days) | N2: Revised Estimate For Feature (person days) | O2: Feature Status | P2: Calculated Fields
P3: Original Features - Completed (person days) | Q3: New Features - Not Completed (person days) | R3: New Features -Completed (person days)
A4: TBU | B4: TBU | C4: TBU | D4: TBU | E4: 4 | F4: TBU | G4: FS1 | H4: FEA_1.1 | I4: Remedy Ticket Creation | J4: User should be able to access the mail box | N4: =M4 -> 0 | O4: Proposed | P4: =IF(K4="X",IF(O4="Complete",N4,0),0) -> 0 | Q4: =IF(K4<>"X",IF(O4<>"Complete",N4,0),0) -> 0 | R4: =IF(K4<>"X",IF(O4="Complete",N4,0),0) -> 0
A5: TBU | B5: TBU | C5: TBU | D5: TBU | E5: 4 | F5: TBU | G5: FS1 | H5: FEA_1.2 | I5: Remedy Ticket Creation | J5: When the user clicks on the email,he should be able to read the email | N5: =M5 -> 0 | O5: Proposed | P5: =IF(K5="X",IF(O5="Complete",N5,0),0) -> 0 | Q5: =IF(K5<>"X",IF(O5<>"Complete",N5,0),0) -> 0 | R5: =IF(K5<>"X",IF(O5="Complete",N5,0),0) -> 0
A6: TBU | B6: TBU | C6: TBU | D6: TBU | E6: 4 | F6: TBU | G6: FS1 | H6: FEA_1.3 | I6: Remedy Ticket Creation | J6: Check ticket creation details | N6: =M6 -> 0 | O6: Complete | P6: =IF(K6="X",IF(O6="Complete",N6,0),0) -> 0 | Q6: =IF(K6<>"X",IF(O6<>"Complete",N6,0),0) -> 0 | R6: =IF(K6<>"X",IF(O6="Complete",N6,0),0) -> 0
A7: TBU | B7: TBU | C7: TBU | D7: TBU | E7: 4 | F7: TBU | G7: FS2 | H7: FEA_2.1 | I7: Remedy Connection | J7: If the ticket creation details are present ,then user has to connect to Remedy | N7: =M7 -> 0 | O7: Complete | P7: =IF(K7="X",IF(O7="Complete",N7,0),0) -> 0 | Q7: =IF(K7<>"X",IF(O7<>"Complete",N7,0),0) -> 0 | R7: =IF(K7<>"X",IF(O7="Complete",N7,0),0) -> 0
A8: TBU | B8: TBU | C8: TBU | D8: TBU | E8: 4 | F8: TBU | G8: FS2 | H8: FEA_2.2 | I8: Remedy Connection | J8: Remedy has to be connected through Web services | N8: =M8 -> 0 | O8: Complete | P8: =IF(K8="X",IF(O8="Complete",N8,0),0) -> 0 | Q8: =IF(K8<>"X",IF(O8<>"Complete",N8,0),0) -> 0 | R8: =IF(K8<>"X",IF(O8="Complete",N8,0),0) -> 0
A9: TBU | B9: TBU | C9: TBU | D9: TBU | E9: 4 | F9: TBU | G9: FS2 | H9: FEA_2.3 | I9: Remedy Connection | J9: Upon the requirement of the ticket the Remedy has to modified. | N9: =M9 -> 0 | O9: Complete | P9: =IF(K9="X",IF(O9="Complete",N9,0),0) -> 0 | Q9: =IF(K9<>"X",IF(O9<>"Complete",N9,0),0) -> 0 | R9: =IF(K9<>"X",IF(O9="Complete",N9,0),0) -> 0
A10: TBU | B10: TBU | C10: TBU | D10: TBU | E10: 4 | F10: TBU | G10: FS2 | H10: FEA_2.4 | I10: Remedy Connection | J10: On successful modidfication of the remedy, a message has to be shown “Successfully modified” | N10: =M10 -> 0 | O10: Complete | P10: =IF(K10="X",IF(O10="Complete",N10,0),0) -> 0 | Q10: =IF(K10<>"X",IF(O10<>"Complete",N10,0),0) -> 0 | R10: =IF(K10<>"X",IF(O10="Complete",N10,0),0) -> 0
A11: TBU | B11: TBU | C11: TBU | D11: TBU | E11: 4 | F11: TBU | G11: FS3 | H11: FEA_3.1 | I11: Resource Assignment | J11: The resouces have to be assigned to the remedy | N11: =M11 -> 0 | O11: Complete | P11: =IF(K11="X",IF(O11="Complete",N11,0),0) -> 0 | Q11: =IF(K11<>"X",IF(O11<>"Complete",N11,0),0) -> 0 | R11: =IF(K11<>"X",IF(O11="Complete",N11,0),0) -> 0
A12: TBU | B12: TBU | C12: TBU | D12: TBU | E12: 4 | F12: TBU | G12: FS3 | H12: FEA_3.2 | I12: Resource Assignment | J12: The status of the ticket will be changed from “Assigned ” to “In-Progress ” | N12: =M12 -> 0 | O12: Complete | P12: =IF(K12="X",IF(O12="Complete",N12,0),0) -> 0 | Q12: =IF(K12<>"X",IF(O12<>"Complete",N12,0),0) -> 0 | R12: =IF(K12<>"X",IF(O12="Complete",N12,0),0) -> 0
A13: TBU | B13: TBU | C13: TBU | D13: TBU | E13: 4 | F13: TBU | G13: FS3 | H13: FEA_3.3 | I13: Resource Assignment | J13: Field- “Assign resources” has to be present.User will fill the resources that have to be assigned to the application | N13: =M13 -> 0 | O13: Complete | P13: =IF(K13="X",IF(O13="Complete",N13,0),0) -> 0 | Q13: =IF(K13<>"X",IF(O13<>"Complete",N13,0),0) -> 0 | R13: =IF(K13<>"X",IF(O13="Complete",N13,0),0) -> 0
A14: TBU | B14: TBU | C14: TBU | D14: TBU | E14: 4 | F14: TBU | G14: FS3 | H14: FEA_3.4 | I14: Resource Assignment | J14: User failing to provide information on the mandatory fields be provided with an alert message – ‘Please update the highlighted mandatory field(s).’ Also, highlight the missed out field in red | N14: =M14 -> 0 | O14: Inprogress | P14: =IF(K14="X",IF(O14="Complete",N14,0),0) -> 0 | Q14: =IF(K14<>"X",IF(O14<>"Complete",N14,0),0) -> 0 | R14: =IF(K14<>"X",IF(O14="Complete",N14,0),0) -> 0
A15: TBU | B15: TBU | C15: TBU | D15: TBU | E15: 4 | F15: TBU | G15: FS3 | H15: FEA_3.5 | I15: Resource Assignment | J15: Clicking the “Submit” button, the filled resource will be assigned | N15: =M15 -> 0 | O15: Complete | P15: =IF(K15="X",IF(O15="Complete",N15,0),0) -> 0 | Q15: =IF(K15<>"X",IF(O15<>"Complete",N15,0),0) -> 0 | R15: =IF(K15<>"X",IF(O15="Complete",N15,0),0) -> 0
... A19: TBU | B19: TBU | C19: TBU | D19: TBU | E19: 4 | F19: TBU | G19: FS4 | H19: FEA_4.4 | I19: Acknowlegdement | J19: User should fill the details in the notes section | N19: =M19 -> 0 | O19: Complete | P19: =IF(K19="X",IF(O19="Complete",N19,0),0) -> 0 | Q19: =IF(K19<>"X",IF(O19<>"Complete",N19,0),0) -> 0 | R19: =IF(K19<>"X",IF(O19="Complete",N19,0),0) -> 0
N20: =M20 -> 0 | O20: Complete | P20: =IF(K20="X",IF(O20="Complete",N20,0),0) -> 0 | Q20: =IF(K20<>"X",IF(O20<>"Complete",N20,0),0) -> 0 | R20: =IF(K20<>"X",IF(O20="Complete",N20,0),0) -> 0
N21: =M21 -> 0 | O21: Complete | P21: =IF(K21="X",IF(O21="Complete",N21,0),0) -> 0 | Q21: =IF(K21<>"X",IF(O21<>"Complete",N21,0),0) -> 0 | R21: =IF(K21<>"X",IF(O21="Complete",N21,0),0) -> 0
N22: =M22 -> 0 | O22: Complete | P22: =IF(K22="X",IF(O22="Complete",N22,0),0) -> 0 | Q22: =IF(K22<>"X",IF(O22<>"Complete",N22,0),0) -> 0 | R22: =IF(K22<>"X",IF(O22="Complete",N22,0),0) -> 0
L23: Total Effort For the Project (in Person Days) | N23: =SUM(N4:N22) -> 0
A24: Legend
B25: Read Only

Sheet Report Data
B1: Product Backlog - Report Data Remedy Acknowledgement Release Id : QTAD-BREQ / 1.4.0 / 13-Jul-2016 C3: Protected Project ID : <Project ID> | <SCI.ID. > / Ver: <Ver No.>
A2: Effort By Release Iteration
A3: Name | C3: Assigned | D3: Work Remaining | E3: Original Features -Completed ( person days) | F3: New Features - Not Completed (person days) | G3: New Features -Completed (person days)
A4: =IF(B4 = "", "Not Assigned", "Release " & B4) -> Release 1 | B4: 1 | C4: =SUMIF('Product - Release Tracking'!A$4:A$23,'Report Data'!B4,'Product - Release Tracking'!N$4:N$23) -> 0 | D4: ='Product - Release Tracking'!N24-E4-G4 -> 0 | E4: =SUMIF('Product - Release Tracking'!A$4:A$23,'Report Data'!B4,'Product - Release Tracking'!P$4:P$23) -> 0 | F4: =SUMIF('Product - Release Tracking'!A$4:A$23,'Report Data'!B4,'Product - Release Tracking'!Q$4:Q$23) -> 0 | G4: =SUMIF('Product - Release Tracking'!A$4:A$23,'Report Data'!B4,'Product - Release Tracking'!R$4:R$23) -> 0
A5: =IF(B5 = "", "Not Assigned", "Release " & B5) -> Release 2 | B5: 2 | C5: =SUMIF('Product - Release Tracking'!A$4:A$23,'Report Data'!B5,'Product - Release Tracking'!N$4:N$23) -> 0 | D5: =D4-E5-G5 -> 0 | E5: =SUMIF('Product - Release Tracking'!A$4:A$23,'Report Data'!B5,'Product - Release Tracking'!P$4:P$23) -> 0 | F5: =SUMIF('Product - Release Tracking'!A$4:A$23,'Report Data'!B5,'Product - Release Tracking'!Q$4:Q$23) -> 0 | G5: =SUMIF('Product - Release Tracking'!A$4:A$23,'Report Data'!B5,'Product - Release Tracking'!R$4:R$23) -> 0
A6: =IF(B6 = "", "Not Assigned", "Release " & B6) -> Release 3 | B6: 3 | C6: =SUMIF('Product - Release Tracking'!A$4:A$23,'Report Data'!B6,'Product - Release Tracking'!N$4:N$23) -> 0 | D6: =D5-E6-G6 -> 0 | E6: =SUMIF('Product - Release Tracking'!A$4:A$23,'Report Data'!B6,'Product - Release Tracking'!P$4:P$23) -> 0 | F6: =SUMIF('Product - Release Tracking'!A$4:A$23,'Report Data'!B6,'Product - Release Tracking'!Q$4:Q$23) -> 0 | G6: =SUMIF('Product - Release Tracking'!A$4:A$23,'Report Data'!B6,'Product - Release Tracking'!R$4:R$23) -> 0
A7: =IF(B7 = "", "Not Assigned", "Release " & B7) -> Not Assigned | B7: ="" | C7: =SUMIF('Product - Release Tracking'!A$4:A$23,'Report Data'!B7,'Product - Release Tracking'!N$4:N$23) -> 0 | D7: =D6-E7-G7 -> 0 | E7: =SUMIF('Product - Release Tracking'!A$4:A$23,'Report Data'!B7,'Product - Release Tracking'!P$4:P$23) -> 0 | F7: =SUMIF('Product - Release Tracking'!A$4:A$23,'Report Data'!B7,'Product - Release Tracking'!Q$4:Q$23) -> 0 | G7: =SUMIF('Product - Release Tracking'!A$4:A$23,'Report Data'!B7,'Product - Release Tracking'!R$4:R$23) -> 0

Sheet WSJF Technique
B1: Product Backlog - WSJF Technique Remedy Acknowledgement Release Id : QTAD-BREQ / 1.4.0 / 13-Jul-2016 C3: Protected Project ID : <Project ID> | <SCI.ID. > / Ver: <Ver No.>
C4: CoD (Cost of Delay)
B5: Feature | C5: User/Business Value | D5: Time Criticality | E5: Risk Reduction or Opportunity Enablement | F5: Total | G5: Duration (Hours/Days/Size) | H5: WSJF (CoD/Duration) | I5: Priority
B6: 1 | C6: 4 | D6: 8 | E6: 8 | F6: 20 | G6: 4 | H6: =F6/G6 -> 5 | I6: 1
B7: 2 | C7: 8 | D7: 4 | E7: 3 | F7: 15 | G7: 6 | H7: =F7/G7 -> 2.5 | I7: 3
B8: 3 | C8: 6 | D8: 6 | E8: 6 | F8: 18 | G8: 5 | H8: =F8/G8 -> 3.6 | I8: 2

Sheet Change Log
A1: Change Log
A3: Please note that this table needs to be maintained even if a Configuration Management tool is used.
A5: Version Number | B5: Changes Made
A6: V1.0 | B6: Initial baseline created on <dd-Mon-yy> by <Name of Author>
A7: V 1.1 | B7: Page No. | C7: Changed By | D7: Effective Date | E7: Changes Effected
A12: V 1.2 | B12: Page No. | C12: Changed By | D12: Effective Date | E12: Changes Effected
